intentLevel,intentScore,source,name,email,phone,state,ageRange,coverageInterest,title,url,scrapedAt
"HIGH","98","Reddit","txdad_34",,,"Texas","35-44","Term Life","Ready to buy term life insurance – need recommendations for $1M coverage in TX","https://reddit.com/r/personalfinance/comments/abc1/term_life_tx","2026-04-06T14:00:00.000Z"
"HIGH","97","Quora","Jennifer_K_TX",,,"Texas","35-44","Term Life","What is the best term life insurance to buy in Texas in 2026?","https://quora.com/What-is-the-best-term-life-insurance-to-buy-in-Texas-2026","2026-04-06T14:00:00.000Z"
"HIGH","97","Google",,,,"Texas","25-34","Term Life","Buy life insurance online Texas – best term life quotes 2026","https://google.com/search?q=buy+life+insurance+online+Texas+2026","2026-04-06T14:00:00.000Z"
"HIGH","96","Reddit","floridamom42",,,"Florida","35-44","Term Life","Which life insurance company should I go with for a 20-year term policy in Florida?","https://reddit.com/r/LifeInsurance/comments/abc2/20yr_term_fl","2026-04-06T14:00:00.000Z"
"HIGH","96","InsuranceSite","user_pf_82",,,"Texas","35-44","Term Life","Need a term life insurance quote in Texas – ready to apply this week, which company?","https://forums.whitecoatinvestor.com/threads/term-life-quote-texas-apply","2026-04-06T14:00:00.000Z"
"HIGH","95","Reddit","nyc_finance_guy",,,"New York","25-34","Coverage: $500k","Need life insurance quote for $500k coverage – 31M non-smoker in NYC","https://reddit.com/r/personalfinance/comments/abc3/500k_life_ny","2026-04-06T14:00:00.000Z"
"HIGH","95","Quora","Michael_OH",,,"Ohio","45-54","Whole Life","How do I get life insurance quotes and compare them online in the US?","https://quora.com/How-do-I-get-life-insurance-quotes-and-compare-online-US","2026-04-06T14:00:00.000Z"
"HIGH","95","Google",,,,"Florida","35-44","Term Life","Get life insurance quote Florida – compare top companies instantly","https://google.com/search?q=get+life+insurance+quote+Florida+compare","2026-04-06T14:00:00.000Z"
"HIGH","94","Reddit","calimom_28",,,"California","25-34","Term Life","How do I apply for life insurance online? Looking for best term life in CA","https://reddit.com/r/Insurance/comments/abc4/apply_term_ca","2026-04-06T14:00:00.000Z"
"HIGH","94","Quora","Ashley_FL_28",,,"Florida","25-34","Term Life","Which life insurance company should I choose in Florida for a 30-year term policy?","https://quora.com/Which-life-insurance-company-Florida-30-year-term","2026-04-06T14:00:00.000Z"
"HIGH","94","Google",,,,"California","25-34","Coverage: $500k","Apply for life insurance $500k California – no medical exam options","https://google.com/search?q=apply+life+insurance+500k+California+no+exam","2026-04-06T14:00:00.000Z"
"HIGH","93","Reddit","ohiodad_45",,,"Ohio","45-54","Whole Life","Comparing whole life vs term life – ready to buy, need help deciding","https://reddit.com/r/personalfinance/comments/abc5/whole_vs_term","2026-04-06T14:00:00.000Z"
"HIGH","93","Reddit","illinois_pro",,,"Illinois","35-44","Term Life","Get life insurance quote – 38M in Chicago, looking for 30-year term","https://reddit.com/r/LifeInsurance/comments/abc6/30yr_chicago","2026-04-06T14:00:00.000Z"
"HIGH","93","Quora","DavidWilson_NY",,,"New York","35-44","Coverage: $1M","How do I apply for $1 million life insurance online in New York?","https://quora.com/How-apply-for-1-million-life-insurance-online-New-York","2026-04-06T14:00:00.000Z"
"HIGH","93","Google",,,,"New York","35-44","Term Life","Best life insurance policy to buy in New York 2026 – term vs whole life comparison","https://google.com/search?q=best+life+insurance+New+York+2026+term+vs+whole","2026-04-06T14:00:00.000Z"
"HIGH","93","InsuranceSite","boglehead_45",,,"California","45-54","Term Life","Comparing life insurance quotes – CA, $1M 20-year term, Ladder vs Bestow vs Banner","https://bogleheads.org/forum/viewtopic.php?t=term-life-ca-compare-ladder","2026-04-06T14:00:00.000Z"
"HIGH","92","Reddit","ga_family_man",,,"Georgia","35-44","Coverage: $1M","Best life insurance policy for a family of 4 in Georgia – want $1M coverage","https://reddit.com/r/personalfinance/comments/abc7/1m_family_ga","2026-04-06T14:00:00.000Z"
"HIGH","92","Quora","SarahM_CA",,,"California","25-34","Term Life","What are the best life insurance options for a 29 year old woman in California?","https://quora.com/Best-life-insurance-29-year-old-woman-California","2026-04-06T14:00:00.000Z"
"HIGH","92","Google",,,,"Illinois","45-54","Whole Life","Life insurance quotes Illinois – whole life policies for 50 year old","https://google.com/search?q=life+insurance+quotes+Illinois+whole+life+50","2026-04-06T14:00:00.000Z"
"HIGH","91","Reddit","pa_reader_29",,,"Pennsylvania","25-34","Term Life","Term life insurance quote comparison – 29M PA, $750k coverage, non-smoker","https://reddit.com/r/Insurance/comments/abc8/term_pa_750k","2026-04-06T14:00:00.000Z"
"HIGH","91","Reddit","ncmike_37",,,"North Carolina","35-44","Term Life","Looking for life insurance – just had a baby, need term life recommendations NC","https://reddit.com/r/personalfinance/comments/abc9/baby_term_nc","2026-04-06T14:00:00.000Z"
"HIGH","91","Quora","RobertJ_GA",,,"Georgia","45-54","Final Expense","What is the best final expense life insurance to buy in Georgia for a 52 year old?","https://quora.com/Best-final-expense-life-insurance-Georgia-52-year-old","2026-04-06T14:00:00.000Z"
"HIGH","91","Google",,,,"Georgia","25-34","Term Life","Term life insurance quote recommendation Georgia – 30 year old non-smoker","https://google.com/search?q=term+life+insurance+quote+Georgia+30+year+old","2026-04-06T14:00:00.000Z"
"HIGH","91","InsuranceSite","wci_forum_m",,,"Florida","35-44","Term Life","Apply for life insurance online in Florida – best no-exam term life options 2026","https://forums.whitecoatinvestor.com/threads/no-exam-term-life-florida-2026","2026-04-06T14:00:00.000Z"
"HIGH","90","Reddit","wa_techie_33",,,"Washington","25-34","Term Life","How do I buy life insurance online in Washington state? Best sites to compare quotes","https://reddit.com/r/personalfinance/comments/abca/buy_online_wa","2026-04-06T14:00:00.000Z"
"HIGH","90","Reddit","az_couple_40",,,"Arizona","35-44","Term Life, Whole Life","Need life insurance quote for both spouses – AZ, looking for bundle or separate policies","https://reddit.com/r/LifeInsurance/comments/abcb/couple_az","2026-04-06T14:00:00.000Z"
"HIGH","90","Quora","LisaB_WA",,,"Washington","35-44","Term Life","Looking for life insurance in Washington state – which companies offer the best quotes?","https://quora.com/Life-insurance-Washington-state-best-quotes","2026-04-06T14:00:00.000Z"
"HIGH","90","Quora","MarkP_IL",,,"Illinois","35-44","Term Life","Ready to buy term life insurance in Illinois – what do I need to know before applying?","https://quora.com/Buy-term-life-insurance-Illinois-what-to-know","2026-04-06T14:00:00.000Z"
"HIGH","90","Google",,,,"Ohio","35-44","Term Life","Compare life insurance quotes Ohio – looking for $750k 20 year term policy","https://google.com/search?q=compare+life+insurance+Ohio+750k+20+year+term","2026-04-06T14:00:00.000Z"
"HIGH","89","Reddit","co_hiker_31",,,"Colorado","25-34","Term Life","Apply for life insurance – active outdoor lifestyle (rock climbing), will it affect rates?","https://reddit.com/r/Insurance/comments/abcc/outdoor_rates_co","2026-04-06T14:00:00.000Z"
"HIGH","89","Quora","EmilyR_NC",,,"North Carolina","25-34","Term Life","How can I compare and buy life insurance online in North Carolina quickly?","https://quora.com/Compare-buy-life-insurance-online-North-Carolina","2026-04-06T14:00:00.000Z"
"HIGH","89","Google",,,,"Washington","25-34","Term Life","Best life insurance company to buy from in Washington state – 2026 recommendations","https://google.com/search?q=best+life+insurance+company+Washington+state+2026","2026-04-06T14:00:00.000Z"
"HIGH","89","InsuranceSite",,,,"New York","25-34","Coverage: $500k","Best life insurance policy recommendation for 32M New York – $500k coverage needed","https://valuepenguin.com/forums/life-insurance-recommendation-ny-500k","2026-04-06T14:00:00.000Z"
"HIGH","88","Reddit","mi_engineer_36",,,"Michigan","35-44","Coverage: $500k","Life insurance recommendations needed – 36M engineer MI, comparing Ladder vs Bestow","https://reddit.com/r/personalfinance/comments/abcd/ladder_bestow_mi","2026-04-06T14:00:00.000Z"
"HIGH","88","Quora","ThomasD_PA",,,"Pennsylvania","45-54","Whole Life","Which whole life insurance policy is worth buying in Pennsylvania for long-term savings?","https://quora.com/Whole-life-insurance-Pennsylvania-long-term-savings","2026-04-06T14:00:00.000Z"
"HIGH","87","Reddit","tn_business_50",,,"Tennessee","45-54","Whole Life","Switching life insurance – current policy too expensive, looking for better whole life in TN","https://reddit.com/r/LifeInsurance/comments/abce/switch_whole_tn","2026-04-06T14:00:00.000Z"
"HIGH","87","Reddit","or_teacher_27",,,"Oregon","25-34","Term Life","First time buying life insurance – teacher in Oregon, $300k term life, which company?","https://reddit.com/r/personalfinance/comments/abcf/first_time_or","2026-04-06T14:00:00.000Z"
"HIGH","87","Quora","AmandaS_AZ",,,"Arizona","25-34","Term Life","Need to get life insurance quote in Arizona – best term life for a young couple?","https://quora.com/Life-insurance-quote-Arizona-young-couple","2026-04-06T14:00:00.000Z"
"HIGH","86","Reddit","nv_poker_42",,,"Nevada","35-44","Term Life","Best life insurance policy I can buy as a freelancer in Nevada? Need 20 yr term","https://reddit.com/r/Insurance/comments/abcg/freelance_nv","2026-04-06T14:00:00.000Z"
"HIGH","86","Quora","JamesK_MI",,,"Michigan","35-44","Universal Life","How do I choose between term life and universal life insurance in Michigan?","https://quora.com/Term-vs-universal-life-insurance-Michigan","2026-04-06T14:00:00.000Z"